id_banner;upper_title;main_title;image
1;Wisconsin Chief;cross-media dynamic program;frame
2;Jewelery composite;Fully-configurable Industrial;world-class backing
3;redefine Account quantifying;architecture Intelligent;Manager
4;Table Andorra networks;Multi-tiered Islands;SMS Cambridgeshire
5;generating;Synchronised;Refined
6;evolve content-based Designer;Extended synthesize;National
7;Chair;Garden;24/7
8;Won Minnesota;intuitive capacitor transmit;Practical Account
9;Granite synthesize;Steel white;Estonia
10;Rand optical quantify;Configuration Garden North;improvement
