id_payment;name;description;created_at;updated_at
1;circuit cross-platform;Salad;2022-03-04T19:35:10;2022-03-04T18:30:30
2;Multi-tiered Lead;Kiribati overriding back;2022-03-05T02:18:38;2022-03-05T10:49:05
3;Books Factors;Rubber;2022-03-04T12:15:28;2022-03-04T17:44:21
4;Kids Licensed;SCSI Rial Avon;2022-03-05T03:52:07;2022-03-04T13:43:31
5;withdrawal Guinea Reduced;THX compressing;2022-03-05T03:29:29;2022-03-04T22:44:20
6;Future SMTP program;Table calculating monitor;2022-03-04T18:56:54;2022-03-04T23:11:58
7;Product Bedfordshire;transmit;2022-03-04T19:33:08;2022-03-05T01:54:18
8;Account Zloty;solutions Taka;2022-03-05T04:41:50;2022-03-04T12:49:26
9;Run matrix calculating;holistic invoice Planner;2022-03-04T19:30:39;2022-03-05T01:54:16
10;Plastic;Checking;2022-03-04T20:15:06;2022-03-04T15:28:13
